mean_intensity,std_intensity,intensity_range,intensity_skewness,intensity_kurtosis,intensity_entropy,mean_edge_strength,std_edge_strength,texture_complexity,num_nodes,total_node_area,mean_node_area,std_node_area,min_node_area,max_node_area,node_density,num_edges,total_edge_length,mean_edge_length,std_edge_length,min_edge_length,max_edge_length,edge_density,graph_density,spatial_spread_x,spatial_spread_y,center_of_mass_x,center_of_mass_y,horizontal_alignment,vertical_alignment,avg_node_distance,std_node_distance,num_components,mean_component_area,std_component_area,max_component_area,avg_degree_estimate,connectivity_ratio,shape_entropy,num_shape_types,alignment_score
217.64978647686831,64.46579353989088,216,15.84308910369873,249.65391540527344,3.581666,35.48563578116053,92.2465489114127,474.8824011065588,9,50927.5,5658.611111111111,14941.037932073337,142.0,47916.5,5.338078291814947e-05,73,4481.631569391833,61.39221327934019,20.44294393875755,30.01666203960727,154.01298646542764,0.02658144465831455,2.0277777777777777,89.21689481812093,86.58329323066123,0.4951851851851851,0.4863582443653618,-0.13929661478451405,0.7346781893004115,176.54722462664066,60.064962322911,211,115.18957345971565,485.76806051002,2732,16.22222222222222,23.444444444444443,1.3516441147205838,3,
214.59638778220452,66.51327024305742,233,15.516395568847656,242.56687927246094,4.526946,69.63793236872903,159.3060066889337,4400.767556440903,19,31304.0,1647.578947368421,1415.824422871315,123.0,4712.5,0.00012616201859229746,128,5977.716908649648,46.70091334882539,20.61176860159027,30.0,111.0,0.03969267535623936,0.7485380116959064,64.73093682950591,173.55721034620802,0.5175089117215349,0.43,-0.004070175438596335,0.20189949058100953,235.50148742861109,130.2916532859559,344,82.32558139534883,244.56454856613962,2017,13.473684210526315,18.105263157894736,1.3779630386433661,3,
146.7012986111111,58.269734553885485,252,2.0306217670440674,5.050902366638184,7.2892094,117.95085598021717,152.52772845792356,4348.876497256173,52,57980.0,1115.0,3438.363090248704,108.0,23729.5,0.0003611111111111111,508,29272.232071330724,57.62250407742266,31.941034751754103,30.0,239.0,0.20327938938424114,0.38310708898944196,55.63746702255945,183.32393142020751,0.44030448717948717,0.5526602564102564,-0.12025546104536478,0.35509838819033535,232.1876955594042,144.68793319663493,358,177.10614525139664,1302.5749894951637,14759,19.53846153846154,6.884615384615385,1.5020352755516875,3,
216.63709444444444,60.22853490019837,250,10.097329139709473,111.32361602783203,4.7098217,63.04498796958879,165.96662446515822,2632.4880472098775,33,33184.5,1005.5909090909091,1528.3852166660786,118.0,5105.0,0.00018333333333333334,135,8691.64613093723,64.38256393286835,56.3432297219834,30.0,428.0,0.04828692294965128,0.2556818181818182,165.7053709825116,79.43103459101074,0.506969696969697,0.48090909090909095,0.15876143250688712,0.08472433425160697,234.83338720279014,120.41125846014306,507,40.74556213017752,171.08308060258616,1955,8.181818181818182,15.363636363636363,1.7056648610624248,4,
232.73722551928785,50.6730530329201,254,14.85095500946045,226.75746154785156,3.9418426,61.07756998638083,167.03702930399345,4831.225083649,36,40975.0,1138.1944444444443,3979.7817505028843,107.0,24488.5,0.00017804154302670624,160,13054.078057285531,81.58798785803455,42.535649604504755,30.0,212.03773249117714,0.06456022778083843,0.25396825396825395,146.53450484821352,92.6352989475994,0.4697222222222222,0.33259149357072204,0.09327736148655608,0.28425462962962966,222.5518205819923,110.88443797130469,411,48.99756690997567,513.254287364197,10405,8.88888888888889,11.416666666666666,1.1462779941614043,3,
196.17566889632107,44.42746388610083,239,13.92585563659668,208.97882080078125,5.600318,25.19825211864209,71.14164139470337,88.06724243051596,0,0.0,0.0,0.0,0.0,0.0,0.0,117,8774.912258171364,74.99925006984074,38.2812534970235,30.0,169.0266251216062,0.02445627719668719,0.0,0.0,0.0,0.0,0.0,,,,,882,40.78344671201814,343.9201998986455,6323,0.0,0.0,0.0,0,0.0
63.814732142857146,47.54602022163735,247,8.231752395629883,81.94821166992188,5.6292825,43.249075389111695,104.84312817541253,219.0485119047619,17,52565.5,3092.0882352941176,8949.791657508165,134.5,38800.0,8.432539682539683e-05,70,6135.274910842794,87.64678444061134,40.311445096801464,31.064449134018133,183.0,0.03043291126410116,0.5147058823529411,120.1438008054195,83.02223823483978,0.4720588235294118,0.4579831932773109,0.2673584139538169,0.5188489042675895,192.49203860511565,90.92396831871741,513,58.666666666666664,496.00409905242026,10112,8.235294117647058,30.176470588235293,1.3792804868582516,3,
198.09548295454545,73.186132107655,243,14.740805625915527,224.84104919433594,5.084345,46.71974375784688,102.60393855667793,549.0628564463188,10,8797.5,879.75,571.0662505349095,167.5,1937.5,3.1565656565656566e-05,208,12300.095206823304,59.13507310972738,38.30883927723126,30.01666203960727,310.0,0.03882605810234629,4.622222222222222,104.14168233709306,213.28724762629386,0.42483333333333334,0.4251893939393939,-0.958137482782369,0.6384836666666667,308.6444312655848,173.0081357877245,2140,26.671028037383177,425.3074843726937,17623,41.6,214.0,0.4689955933007422,2,
76.46058994197293,96.98267943447566,237,15.764290809631348,247.9890594482422,3.8088884,37.38386440815056,113.24383090342488,826.1410122501612,11,3497.0,317.90909090909093,165.16600714843045,110.0,714.5,3.546099290780142e-05,85,8628.836726838555,101.51572619810065,133.11164590541554,30.0,666.0945878777278,0.02781701072481804,1.5454545454545454,41.50973200635809,37.883248222238926,0.30303030303030304,0.17724635132758926,0.9355690434308437,0.942564738292011,76.08096601743378,34.054705599820544,52,690.9230769230769,3206.4448791946525,23553,15.454545454545455,4.7272727272727275,0.8453509363338975,2,
127.14947222222222,77.60774628253797,231,10.53986644744873,138.59976196289062,5.6002927,76.86227570333195,176.8691516232472,4204.95325554321,44,15121.0,343.65909090909093,200.3199648723169,131.0,1433.0,0.00030555555555555555,67,7403.7618135643015,110.50390766513884,92.99754355439921,30.0,443.0,0.051415012594196535,0.0708245243128964,57.4852613162282,170.84972977821548,0.5161931818181819,0.44795454545454544,0.027012327823691673,0.31155098570936623,223.24465628697078,129.07963344045413,95,393.7157894736842,1140.1262964496325,7807,3.0454545454545454,2.159090909090909,0.8338655819982653,3,
191.7299013806706,64.83427740035188,252,4.5843281745910645,20.166183471679688,6.4049993,82.61988668286179,161.21708209499724,3552.40951727871,29,51119.5,1762.7413793103449,3243.305980495109,113.0,12948.5,0.00014299802761341224,215,17359.49031480106,80.74181541767936,70.39639384452308,30.0,412.0,0.08559906466864428,0.5295566502463054,136.89777642116997,95.66442040668996,0.4876436781609196,0.547949398082024,0.03872259391324706,0.3752999603646454,216.434440349026,104.564968025592,671,49.75111773472429,286.5937929214022,4631,14.827586206896552,23.137931034482758,1.3345994255663025,3,
219.11738624338625,56.805091790033195,254,15.866297721862793,250.16099548339844,3.4351544,34.34828307368222,109.40944988904053,699.9193121693122,7,3803.0,543.2857142857143,584.766306017251,185.0,1918.5,3.7037037037037037e-05,32,5778.529485758971,180.57904642996783,115.2156477673216,43.0,426.0,0.030574230083380796,1.5238095238095237,102.55551010580186,79.2984545748477,0.8088095238095238,0.5319727891156463,0.23951686797167848,0.6494122448979591,159.43851753359317,117.44391602975605,78,228.33333333333334,582.1395036495992,3565,9.142857142857142,11.142857142857142,0.8631205682780919,2,
226.61970278404814,48.58777948555371,249,14.834203720092773,226.2987060546875,4.4324913,44.7347675676009,89.175612534473,147.8826102238596,53,23249.0,438.66037735849056,507.73602907662473,102.5,3790.0,0.00019939804364183596,165,15477.856165905212,93.80518888427402,67.42258316175565,30.0,384.66608896548183,0.058231212061343914,0.11973875181422351,168.73307781402497,120.66616741532883,0.5107547169811321,0.5027045444865624,0.109682660780692,0.05097161504687309,263.74537502194653,134.74336117578443,1312,27.966463414634145,143.80467815986827,4275,6.226415094339623,24.754716981132077,1.4064296656390165,3,
191.58040555555556,68.78934261329191,254,14.767906188964844,225.6080322265625,6.1198506,45.30288762956852,127.26219284602257,1144.190479645363,19,12144.5,639.1842105263158,591.8163435454741,108.0,2371.5,5.277777777777778e-05,148,16763.22699818078,113.26504728500532,98.65522483806842,30.0,596.0,0.04656451943939106,0.8654970760233918,155.6183982457607,157.88966658525956,0.47570175438596496,0.24982456140350875,0.16902843951985225,0.19276380424746087,274.85075339964084,167.9589868104314,1452,38.413223140495866,582.4748259886843,21803,15.578947368421053,76.42105263157895,0.9530138848987887,3,
204.23986666666667,64.01741618570162,251,14.800533294677734,226.24705505371094,5.4221277,70.30658080719618,116.16905557410276,595.6007331358023,31,66398.5,2141.8870967741937,3280.687845140537,342.5,9679.5,0.0001722222222222222,290,18581.50414230514,64.07415221484533,34.33465501778357,30.0,241.03319273494262,0.10323057856836189,0.6236559139784946,169.52909007876625,90.78110572761268,0.5002150537634409,0.5104301075268817,-0.09882788761706562,0.04199625390218531,247.63986675020564,122.8924770361043,537,53.109869646182496,186.51949098449532,2118,18.70967741935484,17.322580645161292,1.3830302051111831,3,
106.64022727272727,23.907698623742533,207,5.906116962432861,50.35781478881836,5.7099175,30.71540319585199,75.61243789279648,230.33351177020202,0,0.0,0.0,0.0,0.0,0.0,0.0,84,6343.269615007409,75.51511446437391,95.08018351347623,32.0,595.0,0.03203671522731014,0.0,0.0,0.0,0.0,0.0,,,,,74,232.28378378378378,585.5337717374998,3704,0.0,0.0,0.0,0,0.0
218.55144444444446,53.50060428653765,211,15.436925888061523,240.60252380371094,4.2565365,42.10018571441209,86.04169258453726,196.57591666666667,29,43300.0,1493.103448275862,2520.4872591983503,170.5,7031.5,0.0002013888888888889,93,5218.94732386703,56.11771315986053,17.151949349324994,30.0,88.0056816347672,0.036242689749076594,0.229064039408867,151.83292338313117,46.50436927294505,0.476551724137931,0.6183908045977012,0.5494465913594926,0.23155877923107404,197.6418664122399,114.76329475643472,262,70.91603053435115,203.90873344485038,1298,6.413793103448276,9.03448275862069,1.4231658059210806,3,
193.05083896396397,82.7626400887127,241,15.718450546264648,246.98231506347656,4.2652173,29.91635626128033,87.25994887459942,122.27836711711711,8,2586.0,323.25,202.18494009198608,156.0,817.0,2.2522522522522523e-05,56,10213.5948633058,182.38562255903213,125.66872141029019,39.0,561.0,0.028754490043090653,2.0,78.32264998070481,1.79843682124227,0.5445833333333333,0.07538006756756757,0.9998892539604638,0.79551875,100.6886317832301,62.37598668827124,1011,35.074183976261125,558.0127586438321,17363,14.0,126.375,1.0612781240263243,3,
206.57646226415093,63.704146435055684,239,15.408773422241211,239.90646362304688,4.884878,51.38070897427041,112.90880340704511,558.677822327044,11,114715.0,10428.636363636364,9460.093479479781,1016.5,34600.5,4.3238993710691825e-05,144,10474.648891987956,72.7406173054719,51.268328263244264,30.0,337.0,0.041173934323852024,2.618181818181818,66.00701189899988,169.05718138698631,0.5077186963979416,0.4763636363636364,0.047322314049586756,0.7091763781705204,240.18794662109448,121.53893999169937,351,126.2905982905983,548.5364842259742,5046,26.181818181818183,31.90909090909091,1.24067053124388,3,
233.94552592592592,51.70902682121833,254,15.68044662475586,246.04629516601562,3.3304098,89.86487860098649,200.59487518275617,4209.84857037037,43,41565.5,966.6395348837209,1798.5720864890172,109.5,10986.0,0.00015925925925925927,217,26916.991157709763,124.04143390649652,82.08916194310696,30.0,381.0,0.09969255984336949,0.24031007751937986,119.04436956599443,90.33552025409578,0.3547674418604651,0.465891472868217,0.5164144462472207,0.5276146024878312,187.8837127420884,102.1140469894358,725,32.398620689655175,91.35220057459831,2038,10.093023255813954,16.86046511627907,1.2529007733237227,3,
190.204425,77.12064492928118,252,15.810667037963867,248.97702026367188,4.878666,46.67003701535585,101.06787889822026,168.71151111111112,24,130460.5,5435.854166666667,8585.914338660501,113.0,28743.5,6.666666666666667e-05,141,14220.652805825646,100.85569365833788,68.56571093680844,30.0,393.0,0.039501813349515684,0.5108695652173914,109.92022833501676,185.17018729776368,0.47548611111111116,0.4646527777777778,-0.14293327546296286,0.5972514467592593,272.94531572834336,149.24469106256595,919,61.02176278563656,403.20763067283485,5906,11.75,38.291666666666664,1.351227480375878,4,
225.21000483091788,45.58757309482821,254,14.054732322692871,210.27598571777344,4.9826593,71.30930456161674,151.66840639499554,8598.154091716844,20,104255.0,5212.75,8553.24716920422,127.5,20087.0,9.66183574879227e-05,249,15473.697300939542,62.14336265437565,48.98218744443832,30.0,460.0,0.07475216087410406,1.3105263157894738,136.80332598295993,81.66901187108854,0.4225,0.47144927536231884,0.32755362318840564,0.3761616666666666,197.24847301535058,120.56159333655712,871,29.133180252583237,181.89535526042587,2407,24.9,43.55,1.4577174686973398,3,
211.7894580549369,66.63558627940914,253,14.867560386657715,227.36273193359375,5.191253,128.72004017145724,219.26966943092927,16860.035885615427,9,1742.5,193.61111111111111,67.85719391068348,105.0,328.0,3.3407572383073495e-05,265,38933.49704942327,146.91885679027655,139.6390917133614,30.0,598.0,0.1445192912005318,7.361111111111111,204.62528234028048,135.28716599866604,0.43256619648601835,0.537962962962963,0.3899127572016461,-1.492339195113487,335.12338553719803,151.9345064291331,1074,38.99441340782123,572.5415746628304,18771,58.888888888888886,119.33333333333333,0.9910760595496831,2,
207.14486666666667,49.957728211892636,242,14.813098907470703,226.72091674804688,5.9003544,33.891552514589485,70.54198183694697,88.65703884432098,18,33554.5,1864.138888888889,2074.348952787862,186.0,6931.0,5e-05,282,18446.76894795144,65.41407428351576,29.65891717342671,30.265491900843113,231.1730953203681,0.05124102485542067,1.8431372549019607,93.86666403619526,98.90694279641512,0.5246296296296297,0.5291666666666667,0.6739138888888889,0.7063016460905349,175.49412790792135,92.60860410079766,2579,22.12252811167119,155.2445784299062,6068,31.333333333333332,143.27777777777777,0.9864267282980339,3,
164.02388613861388,77.19594950009592,249,10.817331314086914,142.14476013183594,6.9600387,83.83576436167544,125.60658995043266,320.23779702970296,14,69197.5,4942.678571428572,4636.251813569506,110.5,11517.0,5.7755775577557755e-05,268,25050.131314760416,93.47063923418071,60.16079862091157,30.0,345.0,0.10334212588597531,2.9450549450549453,107.37365617699868,99.34533153580587,0.555952380952381,0.4011669024045262,0.2743729856416638,0.6156965986394558,196.4377030518821,86.61128410309074,751,84.81358189081224,574.9971109768962,6488,38.285714285714285,53.642857142857146,1.295836388858355,3,
239.33503956478734,44.86681972338159,254,15.882272720336914,250.4950714111328,2.0180724,28.068502119028135,98.89924385497048,875.6811918557344,16,21244.0,1327.75,1087.6105547253576,230.0,3039.5,7.91295746785361e-05,49,2842.3092994279473,58.006312233223426,20.898744867100536,33.24154027718932,124.45079348883236,0.014056920373036337,0.4083333333333333,101.23099744519956,74.83103362743294,0.4728125,0.5313427299703264,0.4083226661765095,0.6584095052083334,150.03833838656132,106.28396091383243,126,114.23809523809524,372.85329317479886,1839,6.125,7.875,1.0140976551411076,3,
222.37815251572326,53.051497059908634,231,14.22130012512207,211.9927978515625,4.850786,53.05632523802389,93.285440345956,121.52198113182824,57,46581.5,817.219298245614,1282.5505599197188,104.5,5185.5,0.0002240566037735849,204,11594.698887185832,56.83675925091093,25.569100028850507,30.0,203.0,0.045576646569126696,0.12781954887218044,156.51184074773508,81.8172448656289,0.4621345029239766,0.5666997682886462,0.5531731783506846,0.18346812352518715,220.70186942585397,121.5921450761274,1394,33.683644189383074,145.22435393195997,2525,7.157894736842105,24.45614035087719,1.3995501386768858,4,
210.05069413511507,69.80815371205009,219,15.754575729370117,247.72225952148438,3.6504831,25.006591461727094,68.42562149305276,60.339858945805496,4,3073.5,768.375,490.42333435002865,212.0,1544.5,1.4847809948032665e-05,37,1887.8209580581588,51.022188055625904,10.232756177556364,30.0,69.29646455628166,0.007007501700290122,6.166666666666667,147.51355869885316,22.891046284519195,0.7608333333333334,0.8930957683741648,0.96880967852342,0.27465833333333334,187.50430269241556,155.77805730749648,566,45.78091872791519,396.56232791150313,7385,18.5,141.5,0.8112781241705938,2,
202.11366745283019,57.605018332608005,254,13.739041328430176,202.11569213867188,6.215266,55.41735348975172,93.77910184683043,198.48617915603612,26,50553.0,1944.3461538461538,4118.3775646233435,107.5,21525.5,0.00010220125786163522,303,16556.154359547858,54.640773463854316,24.669426315658445,30.0,182.0,0.06507922311143026,0.9323076923076923,90.26795253265618,156.9846834197603,0.5510703918722787,0.44506410256410256,0.17852697238658777,0.4561029333545388,231.83966598715256,120.24457146696152,1613,35.05021698698078,246.46271350034706,5906,23.307692307692307,62.03846153846154,1.1160762791059096,4,
229.54090833333333,62.98854070258808,254,15.648942947387695,245.24209594726562,2.7441714,74.70432289041501,197.3946897499642,2377.7301666641674,14,96394.5,6885.321428571428,9133.816323357205,319.0,21656.0,5.833333333333333e-05,106,10085.935491780121,95.1503348281144,53.66298229590089,30.066592756745816,206.0,0.0420247312157505,1.164835164835165,114.72069008986077,86.04712164190701,0.5085714285714286,0.51625,0.44469196428571434,0.5613054421768707,192.7654675366057,84.47011187466885,298,80.47651006711409,323.12162573664557,2953,15.142857142857142,21.285714285714285,1.6893917461660095,4,
206.44569844789356,57.61229120512942,252,5.9605913162231445,36.2642822265625,6.0669823,59.996772254233534,100.40054023489098,235.4496858579713,15,81062.5,5404.166666666667,5961.419891453899,111.5,15925.5,5.543237250554324e-05,485,29716.829124324708,61.271812627473615,26.18707535193831,30.0,144.2497833620557,0.10981828944687623,4.619047619047619,134.994255021793,121.90695905758074,0.5425555555555556,0.506430155210643,0.12323105589451377,0.39255170370370385,246.15110687153154,101.51619254003081,1489,38.05977165883143,216.96490522883016,3985,64.66666666666667,99.26666666666667,0.6998428394534301,3,
211.87241481481482,66.35391330516543,254,15.644027709960938,245.2570037841797,4.7186623,46.95046300694214,108.67844050611494,1282.2816592469137,3,2615.5,871.8333333333334,588.9619870774533,239.5,1657.5,1.1111111111111112e-05,182,10016.85239705891,55.03765053329072,24.659547593409474,30.0,168.12197952677099,0.03709945332244041,60.666666666666664,111.82426689527934,34.418987008142274,0.4533333333333333,0.09777777777777778,0.9297975308641975,0.5831777777777778,189.37040429501067,72.15850592372463,745,48.1503355704698,871.888408876643,23658,121.33333333333333,248.33333333333334,-1.4426951601859516e-10,1,
173.79217606330366,86.0962354276292,254,13.946975708007812,206.12619018554688,4.8326592,83.25256347266824,184.13615487944028,5537.736795252225,2,2112.0,1056.0,157.5,898.5,1213.5,9.891196834817013e-06,130,20606.87595814436,158.5144304472642,114.99440769671324,30.0,509.0,0.10191333312633215,130.0,46.5,1.0,0.13916666666666666,0.9406528189910979,0.9998943373631889,0.927925,93.02150289046077,0.0,271,110.45387453874538,710.789974671734,10099,130.0,135.5,0.9999999997114609,2,
246.6932,27.771908066994044,240,15.857941627502441,249.97117614746094,1.8603872,29.81602358778784,106.83854588317871,805.9230039215686,10,5349.5,534.95,254.6560867130413,180.5,983.0,3.9215686274509805e-05,38,5667.24158721471,149.13793650565026,113.87739066804676,36.013886210738214,379.0,0.022224476812606708,0.8444444444444444,144.3981994347575,78.83780818871108,0.42433333333333334,0.4588235294117647,0.5870737716262976,0.304972,214.5719970399179,118.76892727604077,311,30.15434083601286,174.42910639110175,3029,7.6,31.1,0.7219280945988233,2,
165.31264912280702,90.43014424055794,237,5.897660732269287,37.016265869140625,6.02098,116.97347392464377,196.33044985012276,3738.1619311110917,2,3565.5,1782.75,1027.25,755.5,2810.0,8.771929824561403e-06,260,22976.487776561913,88.3711068329305,62.3295319575389,30.0,362.0,0.10077406919544699,260.0,31.0,4.5,0.20833333333333334,0.7197368421052631,0.9983171745152355,0.9679666666666666,62.64982043070834,0.0,134,518.1865671641791,1286.3380870315227,7904,260.0,67.0,-1.4426951601859516e-10,1,
239.30713333333333,48.29218595871501,254,15.661011695861816,245.59283447265625,2.5950184,82.11289384754816,208.0533670789064,5624.923611695802,62,22585.0,364.2741935483871,225.4304248117393,100.0,918.0,0.00022962962962962962,224,19327.454357813025,86.28327838309384,50.21555656831387,30.0,307.0,0.07158316428819639,0.11845584346906399,140.16896021926183,133.47424406732722,0.440994623655914,0.45623655913978495,-0.05572585655374418,0.34508875303503306,249.80144854912407,117.272948260528,532,31.204887218045112,40.552033484452075,304,7.225806451612903,8.580645161290322,1.0331515350160554,3,
233.68576388888889,47.618559179016756,233,15.787956237792969,248.4249267578125,2.8757849,25.63150845521474,66.9107860823016,82.16310515873016,9,40424.5,4491.611111111111,10366.348349287005,188.5,33645.5,4.464285714285714e-05,70,5566.204178697032,79.51720255281472,53.46200451485212,34.48187929913333,238.76766950322232,0.0276101397752829,1.9444444444444444,154.73234556947716,115.63747096576449,0.3164814814814815,0.3733465608465608,-0.4213461619215588,0.20193004115226343,246.2790806298063,152.6544864126671,361,56.54570637119114,273.2254428997595,2594,15.555555555555555,40.111111111111114,1.530493056324674,3,
134.6376706231454,91.78670237163693,251,13.771980285644531,205.3842315673828,6.1415787,84.3489853138339,191.96137303081008,3291.3957808615373,38,58181.5,1531.092105263158,6686.149072459287,108.0,42175.0,0.00018793273986152323,174,12373.534912585988,71.11226961256318,48.00501944754651,31.0,374.0,0.06119453468143417,0.24751066856330015,81.92702059516816,67.43004993583372,0.21241228070175439,0.4321411838200843,0.5195718936312871,0.7762654432132964,132.2134803768653,75.1390622724458,305,160.55409836065573,928.7796565128112,12803,9.157894736842104,8.026315789473685,0.7318843426308609,3,
218.91974820143884,38.32500809523915,243,13.196470260620117,193.10614013671875,5.463052,50.30073728469267,125.71489031281114,927.7298355468054,0,0.0,0.0,0.0,0.0,0.0,0.0,217,19666.078670664563,90.62709064822384,45.22256816074654,30.0,233.30880823492285,0.058951075151872194,0.0,0.0,0.0,0.0,0.0,,,,,1311,20.24942791762014,312.23936308618426,11291,0.0,0.0,0.0,0,0.0
188.17921739130435,56.82542574905566,253,14.899747848510742,229.6873779296875,5.955722,47.702031757759116,136.69095914181477,2227.8788094107204,0,0.0,0.0,0.0,0.0,0.0,0.0,140,12899.704097620534,92.14074355443238,70.02125558985063,30.0,411.0,0.046738058324712076,0.0,0.0,0.0,0.0,0.0,,,,,211,170.48815165876778,606.3793672804247,4062,0.0,0.0,0.0,0,0.0
221.95174074074075,48.57425980381317,236,15.583382606506348,244.07237243652344,3.7578275,13.260381720783302,53.88380897089317,193.92509259246918,2,49734.5,24867.25,24482.75,384.5,49350.0,7.4074074074074075e-06,8,660.2570434482332,82.53213043102915,30.316207653919914,30.01666203960727,116.01724009818541,0.0024453964572156784,8.0,1.5,78.5,0.44583333333333336,0.6544444444444445,0.6348296296296296,0.999925,157.0286598045083,0.0,1026,19.26803118908382,234.64493372628834,5090,8.0,513.0,-1.4426951601859516e-10,1,
141.1546130952381,60.45626102868552,236,3.53448748588562,13.997133255004883,5.7185774,43.66808249454591,113.14823329700583,1626.367261904762,8,2616.5,327.0625,47.6284037497584,258.5,403.0,3.968253968253968e-05,87,13320.171613066119,153.10542083984043,120.01649884292083,36.0,523.0,0.06607227982671686,3.107142857142857,117.90011662420017,118.89642288563606,0.3645833333333333,0.41703869047619047,-0.5025892192814625,0.5366520833333333,232.4142212318484,100.33811295838971,184,225.81521739130434,940.7155455261266,9478,21.75,23.0,1.5612781240263243,3,
214.98769040553907,58.77275868133079,253,15.738666534423828,247.40695190429688,4.905354,77.62665461621194,174.8739876126248,4647.434786578864,14,86579.5,6184.25,11450.306703237879,156.5,41504.5,6.923837784371908e-05,198,18721.210009885956,94.55156570649467,78.0850443409181,31.0,392.0,0.09258758659686427,2.1758241758241756,151.79909184746228,80.46687745493134,0.4691666666666667,0.7528613819415007,0.3158430521694895,0.2319011904761905,224.54344185034375,114.70492903088049,320,74.54375,355.10910025784676,4563,28.285714285714285,22.857142857142858,1.2870540276859184,3,
209.92226680384087,52.84794046563858,254,13.285736083984375,189.7010498046875,5.8079505,65.02327698397976,101.44281234906673,207.5538650357119,17,3958.0,232.8235294117647,167.46105264284333,103.0,756.5,5.829903978052126e-05,336,27198.277090720927,80.94725324619326,73.18596210366789,30.0,562.0,0.09327255518079879,2.4705882352941178,125.48637555458755,216.55986010888682,0.42264705882352943,0.43221980150084727,-1.382674033957254,0.4751056516724337,318.6529710360679,177.7102034291447,1181,47.45131244707875,321.0490220446962,7276,39.529411764705884,69.47058823529412,0.9780155562294329,3,
250.26702857142857,21.326006268429364,247,10.531323432922363,115.17924499511719,2.4659958,19.048077365116296,95.91828899936422,3130.8153587301586,7,18582.5,2654.6428571428573,2233.60887857498,100.0,5963.5,2.2222222222222223e-05,39,3008.8037831654146,77.14881495295936,40.36034919635201,30.0,183.69812192834198,0.009551758041794967,1.8571428571428572,94.66611574046838,116.56232457446995,0.5273809523809524,0.5956462585034014,0.4084669165625433,0.7012775510204081,214.94511355943482,80.07275301854735,189,22.703703703703702,26.552673756838054,231,11.142857142857142,27.0,-1.4426951601859516e-10,1,
208.37899217809868,64.09238398143358,254,15.353832244873047,238.9782257080078,3.78301,26.271911871977583,89.50484503297486,444.9745646806635,16,111147.5,6946.71875,8518.124773403677,104.5,17985.5,4.8134777376654636e-05,64,3788.0912725584894,59.18892613372641,60.746263449995666,30.01666203960727,522.0,0.011396183130440702,0.5333333333333333,146.04232049306805,121.74024601585131,0.5247916666666667,0.49323104693140796,0.4205311876865331,0.28905468749999996,255.64465944278436,108.46093658571031,315,108.24444444444444,412.6981147251671,2875,8.0,19.6875,0.9933927284332846,4,
234.44567937438904,47.25577758904505,253,11.644959449768066,149.3792724609375,3.9259715,54.736982969348745,166.54686252469855,3785.460698661361,32,25251.0,789.09375,1641.6772027673217,106.5,9147.5,0.00015640273704789834,118,8969.84188281333,76.01560917638419,41.63125100027981,30.0,170.02646852769718,0.04384086941746496,0.23790322580645162,143.60573943417964,85.18463403102697,0.48463541666666665,0.2525659824046921,0.2511496934150893,0.31257972005208334,214.57497783342055,107.30464365104339,222,71.76576576576576,216.49939995152076,1821,7.375,6.9375,0.8873068824204711,3,
190.3005532212885,60.00933841639097,252,2.3506217002868652,4.972575664520264,6.5706186,71.86567036981474,147.3989844550347,4338.033392436926,40,53441.0,1336.025,6419.033938169747,105.5,41412.0,0.00028011204481792715,155,12190.493264037632,78.64834363895244,61.01649151170227,30.0,592.0,0.08536759988821871,0.1987179487179487,138.13192064110308,55.866889791718314,0.5980833333333334,0.5078781512605042,0.33879470906009457,0.36398575,187.12922546067364,102.58785055284307,465,61.410752688172046,299.7410227923345,4530,7.75,11.625,1.5394910698673256,3,
231.44678006872851,44.64288069227718,245,10.626782417297363,115.93741607666016,4.529316,52.95235916283037,137.13899158533474,1260.3447690712087,12,3426.5,285.5416666666667,106.57889455182432,110.5,477.0,4.1237113402061855e-05,45,9534.31911868478,211.87375819299507,130.45978320394636,30.0,461.0,0.03276398322572089,0.6818181818181818,148.02730603957275,123.36058257536455,0.3125,0.7072164948453609,0.22366245084493563,0.26959722222222227,238.04947434659655,156.02299521556535,1007,21.334657398212514,401.2888177036075,12713,7.5,83.91666666666667,0.6500224213598151,2,
239.08371666666667,41.22184159948528,254,15.800117492675781,248.71270751953125,1.8407966,28.69223692199589,125.56629194869693,2114.9351833333335,9,32488.0,3609.777777777778,8747.515025267689,214.5,28345.5,3.75e-05,35,3801.0573453185334,108.60163843767239,81.11630882396281,32.7566787083184,280.0,0.01583773893882722,0.9722222222222222,179.2507726794304,89.45072441721996,0.43296296296296294,0.4572222222222222,0.3998925925925927,-0.07102798353909434,269.42391531632586,133.07278071315852,209,28.449760765550238,179.65008149800386,2532,7.777777777777778,23.22222222222222,0.5032583344871068,2,
198.65748763600396,64.31647553728112,253,10.940995216369629,135.5389862060547,5.1888757,60.93809276922825,170.12063523027533,2889.8844609297726,17,59331.5,3490.0882352941176,4043.6228232034923,147.5,9732.0,8.407517309594461e-05,116,8425.5060875288,72.63367316835169,39.48084919435688,30.01666203960727,158.38244852255568,0.04166916957234817,0.8529411764705882,148.11411947394905,59.1189639888436,0.3769607843137255,0.4707627858264968,0.6307036001252961,0.26874025374855826,196.47827867554793,124.26214277220873,185,151.56216216216217,547.5156250276143,4866,13.647058823529411,10.882352941176471,0.9774178172396326,2,
220.22911375661377,57.33788309289384,254,15.80331039428711,248.79559326171875,3.5345,33.442024314806304,113.5236441549278,835.2326455026455,11,87703.0,7973.0,7148.4593254261945,611.0,23696.5,3.637566137566137e-05,102,8380.869690794672,82.16538912543794,66.8721036130169,31.016124838541646,370.0,0.027714516173262805,1.8545454545454545,114.28100787239575,147.34874581265353,0.4813636363636364,0.3308080808080808,-0.02568277081264081,0.5646617079889807,255.18408740932253,106.67260739962666,475,58.42947368421053,281.0440774097391,2927,18.545454545454547,43.18181818181818,0.8453509363338975,2,
194.85849735449736,57.012808903944716,210,15.399909019470215,240.21951293945312,5.6420097,43.870242264380096,80.38789744299083,95.5672380952381,5,103585.0,20717.0,1684.6423359277185,18675.5,23239.0,2.6455026455026456e-05,98,14317.57260507135,146.09767964358517,89.56583852860301,30.0,424.0,0.07575435240778491,9.8,19.23954261410598,78.48974455303062,0.5286666666666666,0.49968253968253973,0.25494905517762667,0.9876613333333333,114.28713070675016,57.14413141187991,360,110.64166666666667,900.6660417821049,8273,39.2,72.0,-1.4426951601859516e-10,1,
216.31835317460317,58.00190644501455,252,15.26562213897705,236.7796630859375,4.91993,54.011071149315036,116.15306406853837,228.50630901586908,28,8939.0,319.25,154.4338450599479,108.0,861.5,0.0001388888888888889,82,9029.193928724686,110.11212108200837,99.00445326565308,30.0,561.0,0.04478766829724547,0.21693121693121692,102.58602661738516,22.53862897157605,0.5058333333333334,0.366921768707483,0.9460044859780647,0.6492035714285714,129.40882983771633,78.32175022926121,722,43.835180055401665,324.75047183379047,7856,5.857142857142857,25.785714285714285,0.4912373415357941,2,
224.3994694533762,54.852939031600485,247,15.182197570800781,234.73484802246094,4.585615,115.52324446344906,184.91625093544596,4301.306217870186,42,63366.0,1508.7142857142858,4579.778772915078,106.0,19533.5,0.00022508038585209003,258,21527.939650155295,83.44162655098951,59.6851785615202,30.0,394.0,0.11536945150136814,0.29965156794425085,136.8293456875017,88.66941584403524,0.2661111111111111,0.5117133670188333,0.024542925802365723,0.3759243386243386,200.4228880619238,119.56815139600457,573,51.333333333333336,243.7563131444792,3321,12.285714285714286,13.642857142857142,1.522247977650347,3,
206.014170751634,66.65891639513886,254,15.773120880126953,248.15452575683594,5.1877556,101.1008374044173,200.817036129047,3683.3968810068877,0,0.0,0.0,0.0,0.0,0.0,0.0,247,20652.613870060486,83.6138213362773,78.84528574350054,30.0,579.0,0.08436525273717518,0.0,0.0,0.0,0.0,0.0,,,,,279,134.05376344086022,596.6453597251349,6977,0.0,0.0,0.0,0,0.0
205.43587042532147,55.86294378908454,254,7.28702449798584,67.72806549072266,5.95197,81.96106507716476,155.3371087424548,7401.577213390099,72,46453.0,645.1805555555555,3001.755483261183,100.0,25519.5,0.0003560830860534125,236,14662.081159226836,62.12746253909678,57.38695970528355,30.0,521.0,0.07251276537698732,0.09233176838810642,150.68401077551349,88.91053447388616,0.5165046296296296,0.49105670952851965,0.16472807117096055,0.2431442965534979,220.8814079548751,115.30475651489014,726,51.72176308539945,247.6536498776426,2442,6.555555555555555,10.083333333333334,1.3992231647189435,3,
222.45641054194508,56.49305763528511,253,12.530315399169922,170.0972137451172,4.9993877,52.94581757177839,104.04026432404243,139.65216035629237,33,62048.0,1880.2424242424242,2934.7021198308316,157.5,11310.5,0.00012249443207126948,217,14062.200018399391,64.80276506174836,41.48030213531042,30.0,330.0,0.052198218331103906,0.4109848484848485,132.82428998876404,91.65524096085443,0.543939393939394,0.34014982790038467,0.4999618139438423,0.41192359963269054,205.62504950161588,106.92041610980752,1368,33.22514619883041,178.9711512881327,3032,13.151515151515152,41.45454545454545,0.9826032093102586,3,
235.57422222222223,42.15201896353175,238,15.86600112915039,250.1481170654297,2.606596,16.955995007781826,57.30707270924268,96.66938624338624,1,41995.5,41995.5,0.0,41995.5,41995.5,5.291005291005291e-06,12,688.9667662018911,57.41389718349092,3.7498102445589367,47.042533945356304,65.05382386916237,0.003645326805301011,0.0,0.0,0.0,0.48333333333333334,0.5238095238095238,1.0,1.0,0.0,0.0,642,19.884735202492212,196.33499992841953,4960,24.0,642.0,-1.4426951601859516e-10,1,
222.29520771513353,53.30940368311984,204,13.469057083129883,190.5160675048828,3.7903755,43.85409598851432,121.90487383624239,901.8299109792284,6,1754.0,292.3333333333333,99.57646419823422,154.5,430.5,2.967359050445104e-05,49,5862.144702113567,119.63560616558298,85.74222938936698,30.01666203960727,518.0,0.028991813561392518,3.2666666666666666,127.64196889041717,124.92319862841951,0.6247222222222222,0.4090009891196835,-0.6489505645613387,0.45691759259259257,231.58220858480138,151.41184674143636,130,213.25384615384615,693.8250201881258,4056,16.333333333333332,21.666666666666668,1.5849625002883474,3,
216.07012592592594,61.570989026991604,252,15.840017318725586,249.5998992919922,3.393375,32.10568378947846,108.6805614237108,822.4196591820985,16,58633.0,3664.5625,9385.483436661307,131.5,37121.5,5.925925925925926e-05,68,10477.969150581306,154.0877816261957,85.89220138871846,35.014282800023196,599.0,0.03880729315030113,0.5666666666666667,156.2786848669709,110.5576065904106,0.4003125,0.2652777777777778,0.275675,0.1858990885416667,236.2758349887239,149.5054786076907,120,222.675,782.9412724091549,6152,8.5,7.5,1.199460292868833,3,
194.6984322453017,65.61578407063247,254,15.741966247558594,247.52511596679688,4.916149,48.75810507709959,124.6990520373097,1453.7163204747774,8,105873.5,13234.1875,7329.55880722665,461.5,17580.5,3.956478733926805e-05,155,8241.494978415587,53.17093534461668,34.4431278186728,30.0,193.0,0.04075912452233228,5.535714285714286,139.77392460684504,65.02679736078042,0.49916666666666665,0.43805637982195844,0.553207191222957,0.34877499999999995,212.43084893235272,95.88362809242074,121,341.8512396694215,1095.5816347339123,6434,38.75,15.125,-1.4426951601859516e-10,1,
208.13096322241682,61.16401681173041,210,15.5635347366333,243.54727172851562,4.709777,21.6570704835785,46.95420999555124,27.69452103466708,13,47454.5,3650.346153846154,6994.1579038525915,106.0,20069.5,3.794512551079977e-05,63,4084.8523748496395,64.8389265849149,26.136259784186638,31.0,109.01834707974616,0.011923095081289083,0.8076923076923077,133.84124659439192,134.02843467628483,0.514102564102564,0.5033005523373298,0.33884555739523015,0.40288402366863907,255.28529971628146,112.08538574446848,1643,27.64637857577602,191.97269717676596,3574,9.692307692307692,126.38461538461539,0.773228348092109,3,
251.50818770226536,16.362401577663228,252,15.797194480895996,248.6247100830078,1.4235692,19.2286433484237,73.19245432357766,1706.862513484358,11,10502.5,954.7727272727273,1724.0142158720519,103.5,4764.0,5.93311758360302e-05,35,5357.606795866112,153.0744798818889,73.65947253818396,52.32590180780452,251.38217916153087,0.02889755553325843,0.6363636363636364,172.9505255774629,83.81187118819216,0.520909090909091,0.38040600176522504,0.11717350022733986,0.002937190082644814,256.8244073361878,123.69767461640815,183,49.84699453551912,136.61340523889734,1114,6.363636363636363,16.636363636363637,0.945660304312101,2,
232.89324925816024,46.834179187684725,218,14.876856803894043,227.781494140625,4.1334376,39.99092465594337,102.5294720629289,1066.0995153312572,22,22734.0,1033.3636363636363,882.1036604439385,132.0,3505.0,0.00010880316518298714,162,9691.445130980672,59.823735376423876,50.83096843734413,30.0,444.0,0.04792999570217939,0.7012987012987013,147.85762780179303,87.06814325715195,0.4306818181818182,0.6351497167520906,0.198986177187655,0.2712707300275482,221.45460244816823,112.46069908227291,854,31.585480093676814,122.95463482426968,1630,14.727272727272727,38.81818181818182,1.5289659674950158,4,
226.83083726415094,52.96509534595908,224,15.620750427246094,244.62611389160156,3.6578999,51.31925681335737,118.4326103246094,1555.876933962264,52,54896.0,1055.6923076923076,1579.636941472282,100.0,5221.0,0.00020440251572327044,182,11298.108975721714,62.077521844624826,36.804830760980465,30.0,236.0,0.04441080572217655,0.13725490196078433,148.1447334744405,81.79280903274721,0.4515705128205128,0.5686683599419449,0.5534400403078862,0.2684379314595664,212.37556373291585,115.29738918665475,651,49.62672811059908,152.21000880943362,1225,7.0,12.51923076923077,1.2218101018776917,4,
233.05978239366962,52.962547063431714,254,15.83201789855957,249.39283752441406,2.762685,53.72013838260283,170.3639985855378,3464.298689409351,20,36550.5,1827.525,5587.171948926844,116.0,26144.5,9.891196834817012e-05,111,8433.365313757702,75.97626408790724,45.37247347565075,30.0,271.0,0.041708038149147884,0.5842105263157895,165.6594322699435,85.01299900603438,0.49341666666666667,0.34213649851632044,0.23635393461243825,0.08523175000000005,241.91407044144788,120.28132985598333,256,67.83984375,197.2925575287258,1520,11.1,12.8,1.0540157726399915,3,
238.53664722222223,49.78481636316877,253,15.825212478637695,249.240478515625,2.1701238,71.15317318958708,191.4169359468353,2840.610416666667,0,0.0,0.0,0.0,0.0,0.0,0.0,213,20054.425432436332,94.15223207716593,98.9007678924849,30.01666203960727,557.0,0.055706737312323146,0.0,0.0,0.0,0.0,0.0,,,,,161,178.27950310559007,496.86799440655426,6076,0.0,0.0,0.0,0,0.0
248.54594444444444,35.79025979949618,254,15.864151000976562,250.09613037109375,1.0034058,33.805305556004335,156.84763197768058,2887.883822222222,6,50111.0,8351.833333333334,17954.745063786217,194.5,48498.0,2.2222222222222223e-05,32,6395.529913187215,199.8603097871005,119.56658844260888,47.01063709417264,392.0,0.023687147826619317,2.1333333333333333,80.79896176450674,35.18996068956789,0.45861111111111114,0.37777777777777777,0.9266172839506173,0.7823842592592593,125.58166835129227,53.56844133852854,96,71.73958333333333,580.4413594554519,5726,10.666666666666666,16.0,0.6500224213598151,2,
208.95209187547457,63.05749207016044,231,14.909989356994629,228.76548767089844,5.3471494,44.14620153994728,82.0449095291567,144.08791191526726,13,65999.0,5076.846153846154,6390.972597779006,282.0,18879.0,4.935459377372817e-05,175,15771.411144089903,90.12234939479949,54.4547715040811,30.0,245.0,0.05987627617346205,2.2435897435897436,119.18862778840456,118.04010952054095,0.49897435897435893,0.4683721745225162,0.13241624178239197,0.526469033530572,228.97439871067675,92.40896624666003,1087,45.38270469181233,345.5244254840982,6038,26.923076923076923,83.61538461538461,0.3912435633407166,2,
210.2028150057274,66.89949029218452,235,15.417802810668945,240.3715057373047,4.904023,51.369859091048944,121.35540396624756,1470.2642597439217,0,0.0,0.0,0.0,0.0,0.0,0.0,169,24493.96478124876,144.9347028476258,138.75423108575185,31.0,592.0,0.07014308356600447,0.0,0.0,0.0,0.0,0.0,,,,,777,72.71299871299871,436.7766879759253,4756,0.0,0.0,0.0,0,0.0
223.34125821596245,55.942998849675796,254,15.36731243133545,238.85610961914062,3.808735,79.07758533392263,188.19292347512166,8422.025797260245,2,1187.0,593.5,29.5,564.0,623.0,9.389671361502347e-06,180,16877.52044785901,93.76400248810559,108.05443923046629,30.0,490.0,0.079237185201216,180.0,150.5,82.0,0.3408333333333333,0.27605633802816903,0.3597460821265622,0.24499166666666672,342.7783540423753,0.0,417,50.091127098321344,608.6565710086954,12443,180.0,208.5,-1.4426951601859516e-10,1,
237.1686316872428,38.93112467812678,240,15.858414649963379,249.978515625,2.8934972,29.27411504730023,95.4878965620435,1517.3808436213992,15,42934.5,2862.3,9375.570183194193,103.0,37927.5,7.716049382716049e-05,54,5621.814482161689,104.10767559558683,57.61156031634672,30.0,236.0,0.028918798776551898,0.5142857142857142,82.16714671935493,82.62482812219474,0.6726666666666667,0.46831275720164606,0.21960879947162515,0.774952,149.60094285726453,81.95071568314324,452,29.588495575221238,146.6379523560938,2486,7.2,30.133333333333333,1.338268927643656,3,
223.17577876984126,55.05321703579855,253,14.121377944946289,209.92271423339844,5.0028763,60.01440865216767,108.58237994393636,211.92013887698016,34,40262.0,1184.1764705882354,1089.1695155319092,116.5,3888.5,0.00016865079365079366,103,10311.583028574572,100.11245658810267,107.31240537130303,30.01666203960727,445.0,0.05114872534015165,0.1836007130124777,159.51479468432825,108.15622111598559,0.5082843137254902,0.45308123249299725,-0.24338522173575305,0.15183434256055361,250.39460316519475,117.63967658865643,1006,33.61530815109344,150.58100903686068,2123,6.0588235294117645,29.58823529411765,1.2532975780302342,3,
203.54818944844124,71.865223548214,250,15.541474342346191,243.20355224609375,4.228297,58.24964582317792,149.55703817056028,7079.929624300559,27,99383.5,3680.8703703703704,8059.840551442542,102.5,26413.5,0.0001079136690647482,205,14025.314322801303,68.41616742829903,29.003510894011647,30.0,167.0,0.056056412161476034,0.584045584045584,150.44007689194316,81.06619761072878,0.44679012345679014,0.6488142819078071,0.5464880427126457,0.24559277549154102,217.6443011804688,115.26190065244009,411,51.80778588807786,241.72871834499367,2969,15.185185185185185,15.222222222222221,1.3058035630459166,3,
214.53595184349135,57.41435341090993,253,14.564214706420898,220.89732360839844,5.632828,73.52751098001762,131.34831176751925,415.8090587073905,20,7856.5,392.825,304.5775465706558,100.0,1227.5,7.524454477050414e-05,233,22715.307957796464,97.49059209354708,70.45822363134023,31.0,302.0,0.08546015033031025,1.2263157894736842,163.57764975692737,157.09407213513816,0.5424166666666667,0.3872460496613996,-0.509014415360078,0.10807841666666673,289.1585489401648,157.07978829438176,1990,27.03819095477387,151.93067894525964,4195,23.3,99.5,0.7475846793917653,3,
213.647665677547,43.79464391677628,251,2.128685474395752,3.438986301422119,6.4630632,62.182515806783705,155.3166280394518,1729.5612468851534,16,18061.5,1128.84375,1897.5616485271137,133.0,7972.0,7.91295746785361e-05,93,10400.907371443376,111.83771367143417,95.03368386821333,31.016124838541646,575.0,0.05143871103582283,0.775,152.1510223223952,95.5647686127058,0.6148958333333333,0.599406528189911,0.03502276149301309,0.22833554687500002,233.81361320969413,119.16649114227079,2066,13.834946757018393,182.56499686885527,7732,11.625,129.125,1.0612781240263243,3,
130.54448148148148,43.40251945995623,222,0.9283571839332581,0.38548994064331055,7.293959,36.39302937065533,85.43438165505839,328.4755444213854,19,9170.5,482.6578947368421,324.13999788231445,119.0,1219.0,7.037037037037036e-05,119,7039.5940275008725,59.15625233194009,30.22645613326126,30.0,181.0,0.026072570472225453,0.695906432748538,130.06005431542712,72.63382910320718,0.5874561403508771,0.28198830409356723,0.6873675182107315,0.4361460757156048,177.95731094300547,123.2050168771096,1370,21.34817518248175,271.26809122008484,9303,12.526315789473685,72.10526315789474,1.267443803374425,3,
179.42385044642856,66.2752323718889,252,7.474804878234863,79.08097076416016,7.1876745,76.99837224173247,115.37602829126358,407.8569830921683,3,139816.5,46605.5,756.6407117428104,45892.5,47653.0,1.1160714285714286e-05,145,27160.49544584602,187.31376169548977,147.34127470335466,30.0,582.0,0.10104350984317716,48.333333333333336,0.4714045207910317,139.06353464034584,0.49944444444444447,0.44419642857142855,-0.15625000000000022,0.9999925925925925,221.33550196522893,95.01190576168231,336,184.27083333333334,1241.5133506586192,13007,96.66666666666667,112.0,-1.4426951601859516e-10,1,
215.1210484668645,71.75942654322627,253,15.773162841796875,248.12942504882812,3.1067808,44.84827213301985,147.4769152719056,2866.1092779426313,14,45303.5,3235.964285714286,3346.7111599315235,242.5,11622.0,6.923837784371908e-05,79,5312.872688026662,67.25155301299574,37.18582497895591,30.0,181.0,0.026275334757797537,0.8681318681318682,94.10133487092409,73.9688641060741,0.46785714285714286,0.4792284866468843,0.42187820368485873,0.7048312925170068,159.01381251158722,74.6430536118922,281,71.15658362989323,273.09528736283147,2924,11.285714285714286,20.071428571428573,1.0949143179792888,3,
198.44558055555555,84.90839697823151,253,15.472504615783691,241.5153350830078,3.2555466,21.8542397855681,72.92853277204871,55.402563874621926,21,18683.5,889.6904761904761,1753.9137764289874,109.0,8604.5,5.833333333333333e-05,71,6860.919967994567,96.63267560555727,82.3301449402011,30.0,316.0,0.01905811102220713,0.3380952380952381,77.83414543123949,100.6228899723843,0.5046825396825396,0.23714285714285713,0.662501133786848,0.7980615268329554,163.89545396935955,84.39687523320953,648,35.641975308641975,294.54672997558134,5665,6.761904761904762,30.857142857142858,1.615250264511174,4,
80.38845238095239,47.39464263376878,241,4.499375343322754,22.166460037231445,6.333557,71.5704948840443,114.14146053057578,372.5119096117715,34,49418.0,1453.4705882352941,1705.7276476502566,154.5,4954.5,0.00016865079365079366,245,21997.455982171596,89.78553462110855,57.11151477364694,30.0,221.0,0.10911436499093054,0.43672014260249553,143.79990483222784,81.77687171446976,0.6026960784313725,0.5204831932773109,0.2891733899442128,0.3107195790080738,209.5541741849245,111.70194436091715,755,73.96423841059602,751.5930789576249,17443,14.411764705882353,22.205882352941178,0.9363790155064392,3,
240.5019976635514,38.611699485140974,209,15.837614059448242,249.51841735839844,2.4177847,43.50999456278041,107.2976480622426,1410.488349193388,50,49773.0,995.46,2853.4208554645425,100.5,12611.0,0.00019470404984423675,107,12393.0563378177,115.82295642820282,59.2613075903219,30.0,209.0,0.04825956517841783,0.08734693877551021,151.4577498842499,101.30117669602855,0.48350000000000004,0.3001401869158879,0.3277625731504936,0.23535166666666663,227.10233273855837,127.2102415953446,282,72.12765957446808,239.9902879554965,2283,4.28,5.64,1.3762840720619889,3,
241.91431111111112,36.57925006328176,235,15.894124031066895,250.74940490722656,1.8890862,18.8347179360693,69.83908989990125,257.8702388888889,23,10092.0,438.7826086956522,292.73815373822436,169.5,1622.0,6.38888888888889e-05,73,6345.616848653302,86.92625820073017,41.48861394738061,36.0,186.02419197512995,0.017626713468481395,0.2885375494071146,145.99529992175727,137.22775075238806,0.5687681159420289,0.5489855072463767,0.37228481411468184,0.28951241335853806,262.05568947226413,123.56628137115774,110,186.24545454545455,797.5182207820326,8175,6.3478260869565215,4.782608695652174,1.066615216305642,3,
208.01406666666668,58.02010701313092,253,15.61816692352295,244.73196411132812,5.194729,44.779166510662435,108.06364596821497,1587.2484705882353,23,90456.0,3932.8695652173915,9944.43534171727,100.5,49278.5,9.019607843137255e-05,149,15574.438806475158,104.5264349427863,92.33730242045026,30.0,423.0,0.061076230613628074,0.5889328063241107,116.19844833337949,111.7782878437057,0.4568115942028985,0.42516624040920714,0.1699231690007258,0.5499306868304978,210.68797267143373,99.83397833848822,695,57.89784172661871,390.9612756528324,5996,12.956521739130435,30.217391304347824,1.4509082833173739,3,
228.81788682581785,44.567596363038284,251,14.052839279174805,208.13809204101562,4.4125524,64.43882854237314,147.145459986553,2146.2889199257165,41,59024.0,1439.6097560975609,2326.7701142963965,112.0,7557.5,0.00018125552608311228,170,16682.21372563664,98.13066897433318,68.91756401802994,31.064449134018133,306.0,0.07374983963588258,0.2073170731707317,126.17623153322592,111.44504838812716,0.5309349593495934,0.4498285566410041,-0.04862474036110909,0.4693186198691255,216.85688368522023,105.21879317574049,948,19.775316455696203,70.62273589519029,730,8.292682926829269,23.121951219512194,1.2833970262589622,3,
233.0595238095238,45.92355832948146,253,15.81564712524414,249.05014038085938,3.0434778,52.32788723453665,131.2488782023996,3842.965800344234,91,57326.5,629.9615384615385,1514.4125928121316,113.0,7704.0,0.00026104417670682733,281,23183.417265003176,82.50326428826753,35.44226914686049,30.0,166.0,0.06650435245267693,0.06862026862026863,163.6648837699979,179.79318446495884,0.4184524597605493,0.5157692307692308,-0.07751963933502393,0.04777409074696681,310.0737522752071,152.94257110018586,670,40.004477611940295,122.2916198210591,1522,6.175824175824176,7.362637362637362,1.5062291405355879,3,
200.84373703703704,76.17754281961683,254,15.164590835571289,235.0571746826172,5.355289,95.91034968326089,193.7743528722055,2187.069751441303,60,33988.5,566.475,449.08451714757064,124.5,2907.5,0.00022222222222222223,234,24421.58412797455,104.36574413664334,81.29978289434692,30.0,599.0,0.09045031158509093,0.13220338983050847,138.46232841061462,84.2739184643347,0.5203055555555556,0.38266666666666665,0.5791352098765432,0.3609394537037036,203.81865418829466,109.07069568334913,1274,45.7723704866562,288.31837178130996,6195,7.8,21.233333333333334,0.9596724694184577,4,
176.63858946608946,68.0226085996,254,14.684139251708984,225.3349609375,7.2206044,101.93986839811052,163.92126226428928,2279.639702988436,4,3547.5,886.875,760.8432308136809,148.5,2131.5,1.443001443001443e-05,292,23092.21267353452,79.08292011484427,59.87573861654053,30.0,327.0,0.0833052405250163,48.666666666666664,141.5017667734223,71.01408311032397,0.4525,0.5974025974025974,0.7164783268679373,0.33257499999999995,200.68663110910384,162.99348482095374,4124,21.53297769156159,253.91031151502125,11624,146.0,1031.0,1.4999999995671913,3,
243.84260138476756,30.034725091694902,226,15.804428100585938,248.7880859375,2.3841002,25.46512148995796,85.6497114252274,1035.773600395648,20,10246.0,512.3,619.8582378253918,125.0,2332.5,9.891196834817012e-05,60,6325.17879303111,105.41964655051851,69.134155484081,30.0,260.0,0.031281794228640504,0.3157894736842105,123.65293162719597,76.85146387675384,0.46925,0.48946587537091985,0.3759408817547041,0.49033174999999996,187.3629637239814,97.56376502379689,256,53.91796875,245.74978761867533,1951,6.0,12.8,1.2788979025546703,3,
222.61052458033572,48.60916861586686,245,15.69089126586914,246.3797149658203,4.283293,16.876446078560413,49.36558007169566,34.74007194244604,9,75021.5,8335.722222222223,9885.145289527198,173.5,27453.5,2.697841726618705e-05,60,3661.908844270123,61.031814071168704,24.720794307268804,34.36568055487916,125.03599481749245,0.010976944976828907,1.6666666666666667,148.56756371312792,68.55978737163969,0.45518518518518514,0.5065947242206236,0.8175387747356072,0.2642559670781892,212.8128082189841,122.26786528017945,818,30.74083129584352,168.6803050181628,2295,13.333333333333334,90.88888888888889,0.7642045062200812,2,
237.92712660731948,47.011252688900115,243,15.808021545410156,248.8552703857422,2.3461092,45.31210241845002,135.50940839710373,3046.739099901088,29,23430.5,807.948275862069,1277.367122078063,102.0,5375.5,0.0001434223541048467,93,8383.372287862749,90.14378804153492,80.27339476831884,32.0,432.0,0.04146079271940034,0.229064039408867,134.5534827294539,78.93956808993778,0.4810919540229885,0.4727309935536683,0.34156799018472417,0.3965120095124851,201.14565434057056,99.7542405039726,245,63.159183673469386,228.7734535034715,1890,6.413793103448276,8.448275862068966,1.5832262736351752,3,
49.03204719764012,72.75385251361604,253,15.823533058166504,249.22119140625,4.3606396,66.59312990202376,148.2583542483339,1608.8526076696164,37,92944.0,2512.0,4315.702542163029,104.0,12266.0,0.00010914454277286136,451,27235.5191894872,60.38917780374103,26.294696466802527,30.0,190.91883092036784,0.0803407645707587,0.6771771771771772,93.18030778521897,123.7448953429909,0.523128438172686,0.4035135135135135,0.4895733625517409,0.673613165925671,198.6741149866232,99.25930610323559,443,168.79458239277653,2000.0005013018547,36284,24.37837837837838,11.972972972972974,0.9606231523963161,4,
92.47119725738396,49.35210414015035,232,1.6689869165420532,2.214357376098633,7.1216135,62.87009724399018,123.61651649764377,413.803823599066,14,47128.0,3366.285714285714,6712.93947939959,276.5,25853.0,7.383966244725738e-05,148,10880.822026943746,73.51906774961992,36.86710137389816,30.0,233.0,0.057388301829872077,1.6263736263736264,134.56088827390084,55.181195037025844,0.7121428571428571,0.43829113924050633,0.634077357108522,0.39644557823129256,179.143714119479,116.03799121737717,1950,24.586666666666666,562.575583914814,24742,21.142857142857142,139.28571428571428,0.9999999997114609,2,
197.4032683982684,86.57457247776152,252,14.333247184753418,214.42755126953125,4.555274,49.543208559434184,137.3901631383952,1873.4971341991343,42,44124.0,1050.5714285714287,3602.823472096355,121.5,23998.0,0.0001818181818181818,110,17359.250971290396,157.8113724662763,142.60555195216952,30.0,599.0,0.07514827260298873,0.12775842044134728,152.80639270264072,97.97999471871472,0.49611111111111117,0.3281385281385281,0.22279674561678287,0.22167354497354497,230.98153069773716,118.97306160261408,458,72.41266375545851,326.4906861406195,4948,5.238095238095238,10.904761904761905,1.3527953377339204,3,
198.36877025462962,62.72308303688586,243,5.357786655426025,28.859426498413086,6.323004,44.01389713091868,75.77883257104448,73.65099812884964,20,75557.0,3777.85,3308.9660284596453,517.0,11698.5,5.787037037037037e-05,239,15843.027624763019,66.28881851365277,35.976132085216705,31.0,160.0,0.045842093821652254,1.2578947368421052,111.74724828826882,126.53789946099154,0.47008333333333335,0.49583333333333335,0.4208680555555555,0.58375175,224.7952195977845,97.29136264840696,1470,54.30340136054422,304.50938647440046,4964,23.9,73.5,0.9340680550869519,2,
108.92667083333333,67.50845726277548,227,6.1952433586120605,49.20894241333008,6.1182823,39.91776036435076,115.44160193575914,729.080575,3,147237.0,49079.0,112.33283877240291,48923.0,49183.0,1.25e-05,92,9300.04997848635,101.08749976615601,79.73926259831514,30.0,434.0,0.03875020824369312,30.666666666666668,0.0,82.8747381427068,0.5,0.49916666666666665,0.48488333333333333,1.0,135.33333333333334,47.84930047091133,76,456.42105263157896,2024.2170108279415,17381,61.333333333333336,25.333333333333332,-1.4426951601859516e-10,1,
91.05014342235411,61.78218962192846,237,12.09837818145752,162.85011291503906,5.252981,22.183752638267052,77.43293119866838,367.96088950760236,14,13256.5,946.8928571428571,1765.6645266480452,133.0,7232.5,6.923837784371908e-05,25,4374.896711755376,174.995868470215,137.0340323363332,32.0,599.0,0.021636482253983066,0.27472527472527475,74.28671015815985,78.73959276874473,0.49440476190476196,0.3143281051292921,0.34489973819745645,0.8160494897959183,144.4747262845534,66.08152351994958,118,175.0593220338983,939.2852249285261,7795,3.5714285714285716,8.428571428571429,1.4137995641728716,3,
211.1898138888889,60.0586796495156,254,15.404001235961914,239.91676330566406,5.0061393,42.285654838411176,85.65159624508581,107.05590544811727,26,39420.5,1516.173076923077,1859.5726449825656,118.0,8605.0,7.222222222222222e-05,281,18909.266505699034,67.29276336547694,41.64043697561887,30.0,311.05787242890995,0.052525740293608424,0.8646153846153846,116.26042614058548,153.69762541812935,0.43852564102564107,0.5017307692307692,0.2125679980276134,0.5494504437869823,248.0819512669922,125.32116615452856,1477,39.962762356127286,255.09301734118196,6775,21.615384615384617,56.80769230769231,1.1401156780818007,3,
191.21788543570995,53.10311531561323,245,14.503528594970703,221.0742950439453,5.618279,28.956534009900757,75.88129270363531,103.54603290494457,0,0.0,0.0,0.0,0.0,0.0,0.0,104,7202.787690465585,69.25757394678448,33.01506050632727,30.265491900843113,146.0,0.021946336655897576,0.0,0.0,0.0,0.0,0.0,,,,,1820,22.092307692307692,394.8326258914034,16435,0.0,0.0,0.0,0,0.0
